{"Version":1,"ManifestType":"Publish","Endpoints":[{"Route":"index.html","AssetFile":"index.html","Selectors":[],"ResponseHeaders":[{"Name":"Cache-Control","Value":"no-cache"},{"Name":"Content-Length","Value":"44187"},{"Name":"Content-Type","Value":"text/html"},{"Name":"ETag","Value":"\"7Oj6nr/zJ1a4viOtYk1tuvPv2/OLlhuB90D1yqGGI3Y=\""},{"Name":"Last-Modified","Value":"Tue, 17 Feb 2026 12:20:52 GMT"}],"EndpointProperties":[{"Name":"integrity","Value":"sha256-7Oj6nr/zJ1a4viOtYk1tuvPv2/OLlhuB90D1yqGGI3Y="}]},{"Route":"index.k4n8omodn1.html","AssetFile":"index.html","Selectors":[],"ResponseHeaders":[{"Name":"Cache-Control","Value":"max-age=31536000, immutable"},{"Name":"Content-Length","Value":"44187"},{"Name":"Content-Type","Value":"text/html"},{"Name":"ETag","Value":"\"7Oj6nr/zJ1a4viOtYk1tuvPv2/OLlhuB90D1yqGGI3Y=\""},{"Name":"Last-Modified","Value":"Tue, 17 Feb 2026 12:20:52 GMT"}],"EndpointProperties":[{"Name":"fingerprint","Value":"k4n8omodn1"},{"Name":"integrity","Value":"sha256-7Oj6nr/zJ1a4viOtYk1tuvPv2/OLlhuB90D1yqGGI3Y="},{"Name":"label","Value":"index.html"}]}]}