{"Version":1,"ManifestType":"Publish","Endpoints":[{"Route":"index.html","AssetFile":"index.html","Selectors":[],"ResponseHeaders":[{"Name":"Cache-Control","Value":"no-cache"},{"Name":"Content-Length","Value":"38495"},{"Name":"Content-Type","Value":"text/html"},{"Name":"ETag","Value":"\"D0u/oItzVcNdWpy4/DiMI0OZNYTKTEArntTgExtQZpA=\""},{"Name":"Last-Modified","Value":"Sun, 15 Feb 2026 11:52:58 GMT"}],"EndpointProperties":[{"Name":"integrity","Value":"sha256-D0u/oItzVcNdWpy4/DiMI0OZNYTKTEArntTgExtQZpA="}]},{"Route":"index.rtynb8j8jz.html","AssetFile":"index.html","Selectors":[],"ResponseHeaders":[{"Name":"Cache-Control","Value":"max-age=31536000, immutable"},{"Name":"Content-Length","Value":"38495"},{"Name":"Content-Type","Value":"text/html"},{"Name":"ETag","Value":"\"D0u/oItzVcNdWpy4/DiMI0OZNYTKTEArntTgExtQZpA=\""},{"Name":"Last-Modified","Value":"Sun, 15 Feb 2026 11:52:58 GMT"}],"EndpointProperties":[{"Name":"fingerprint","Value":"rtynb8j8jz"},{"Name":"integrity","Value":"sha256-D0u/oItzVcNdWpy4/DiMI0OZNYTKTEArntTgExtQZpA="},{"Name":"label","Value":"index.html"}]}]}